UserId,Name,Email,Password,Avatar,UserRole
25cbe9a1-759b-4a29-b5e0-4f4a87c279c9,Emma,emma1419@example.com,samplePassword,sampleAvatarURL,customer
df360adb-cd60-4ca7-8664-b4017b2a6605,William,william1652@example.com,samplePassword,sampleAvatarURL,admin
0c9b1899-d559-4321-9d87-8dcab1e3ad30,David,david8309@example.com,samplePassword,sampleAvatarURL,customer
1ba0bad5-1ec6-431f-9030-a73664f2105b,Matthew,matthew6476@example.com,samplePassword,sampleAvatarURL,customer
cc648a3f-f806-41f6-bb34-90f1ca06b3a8,Olivia,olivia4065@example.com,samplePassword,sampleAvatarURL,admin
4d97ac49-d50b-4786-934c-c6355aae27d5,Emily,emily9924@example.com,samplePassword,sampleAvatarURL,customer
bd604486-e844-4c68-8de1-ed71891b3ad9,Ava,ava9511@example.com,samplePassword,sampleAvatarURL,customer
2a2b6eca-7602-4187-81b6-3d9905a5f897,John,john3909@example.com,samplePassword,sampleAvatarURL,customer
db7e8f79-5802-4e36-8ca8-a52863eef8f7,John,john8053@example.com,samplePassword,sampleAvatarURL,customer
3dbad280-a7db-4f81-be40-bcb2a309bd67,Emily,emily9518@example.com,samplePassword,sampleAvatarURL,admin
5b1b577d-0ae8-4e4d-9041-b258ec29c645,Michael,michael6636@example.com,samplePassword,sampleAvatarURL,admin
da79db26-105c-476d-8dab-a954edf86967,Emily,emily7627@example.com,samplePassword,sampleAvatarURL,admin
49fb12f9-c506-4bbc-8d18-b51dc5a29650,Sophia,sophia5416@example.com,samplePassword,sampleAvatarURL,customer
03e5da24-f6dc-414c-a24f-cbc1d8baafb2,Emma,emma7872@example.com,samplePassword,sampleAvatarURL,admin
f5621137-05cb-439b-af36-afd85ecc8d67,Emma,emma7610@example.com,samplePassword,sampleAvatarURL,admin
be620e36-a96c-4925-8342-bd610a9df1b8,William,william4967@example.com,samplePassword,sampleAvatarURL,admin
8427314c-5616-435c-ba3c-a5e17a6daf75,Emily,emily7019@example.com,samplePassword,sampleAvatarURL,customer
65ef701f-f61a-42a5-b36e-dc4c9f35d3c0,Emily,emily9025@example.com,samplePassword,sampleAvatarURL,customer
80b3b3bb-9a86-41a3-9a19-11342f3473f5,Emily,emily5379@example.com,samplePassword,sampleAvatarURL,customer
36dedc6a-8979-4265-bd4d-93bff55f6735,Ava,ava5758@example.com,samplePassword,sampleAvatarURL,customer
bd49d9da-b25a-4f91-a1c7-db5ba510818b,John,john8975@example.com,samplePassword,sampleAvatarURL,customer
e877dfc7-6c4d-4164-b9c3-3a86bb84ffe3,William,william1517@example.com,samplePassword,sampleAvatarURL,admin
a76d711c-ae90-443f-a1bb-5c705e6f9287,Emily,emily9912@example.com,samplePassword,sampleAvatarURL,customer
2ea3def3-d520-434e-b46c-d7b9b4ae6829,Matthew,matthew8208@example.com,samplePassword,sampleAvatarURL,admin
c254665d-7af2-4ce2-bfb9-6bc94c853603,John,john5894@example.com,samplePassword,sampleAvatarURL,admin
a4665847-2a14-4bdb-83d9-aa93cc7a562d,Emily,emily2142@example.com,samplePassword,sampleAvatarURL,admin
0f72c483-6fad-446b-ae13-616601699e8b,William,william7271@example.com,samplePassword,sampleAvatarURL,customer
bb3aae6f-53db-444a-88f6-cfb5caac978c,John,john8263@example.com,samplePassword,sampleAvatarURL,admin
0f18904c-e012-4c4e-a599-a4bc953071af,John,john9223@example.com,samplePassword,sampleAvatarURL,customer
a727783b-ea6c-4782-b286-6be903399083,John,john2952@example.com,samplePassword,sampleAvatarURL,admin
7bbf511e-b4ec-474c-8239-a3a9b670a827,William,william3713@example.com,samplePassword,sampleAvatarURL,admin
cdb503b3-b866-4475-80b9-328200c54694,Emma,emma3650@example.com,samplePassword,sampleAvatarURL,customer
34d22a43-dbde-482a-8d98-b26aa79b6bc4,Michael,michael3893@example.com,samplePassword,sampleAvatarURL,admin
070033db-960c-4bdb-8436-5f5161d14d72,Emily,emily5267@example.com,samplePassword,sampleAvatarURL,admin
4cba842c-4a02-4bc5-ad88-ee34f34caa0b,William,william9706@example.com,samplePassword,sampleAvatarURL,customer
9f627ca2-6e3d-4c30-91a1-d0e824e8f900,Ava,ava7218@example.com,samplePassword,sampleAvatarURL,customer
1c4f7f94-9865-47d9-b49f-cc070a8c79ea,Michael,michael7824@example.com,samplePassword,sampleAvatarURL,admin
ee48f722-e27d-4b24-b01a-0d4af7340f2d,Michael,michael5892@example.com,samplePassword,sampleAvatarURL,customer
5c5d3770-4962-491b-91c7-c31116141183,Sophia,sophia3829@example.com,samplePassword,sampleAvatarURL,admin
43242ae6-53f9-42e2-8ac0-dc61d11d2805,Olivia,olivia4253@example.com,samplePassword,sampleAvatarURL,admin
bd58b2c8-25bc-441d-b133-59d20fc539f1,Olivia,olivia1295@example.com,samplePassword,sampleAvatarURL,admin
0bdff494-cba2-4699-b70c-3af98caffe21,Emily,emily8067@example.com,samplePassword,sampleAvatarURL,customer
886e1b04-1d66-4f0a-836b-2bd201c3cace,Matthew,matthew5244@example.com,samplePassword,sampleAvatarURL,admin
0e2cdf43-1092-41b1-b37b-d35599982f4f,Ava,ava8134@example.com,samplePassword,sampleAvatarURL,admin
5fe4dfab-7aa6-4ade-ae6c-3678d3007fa3,Olivia,olivia4850@example.com,samplePassword,sampleAvatarURL,admin
2ed846d1-deaf-4ed7-8dfd-a3a4c10740c0,David,david7422@example.com,samplePassword,sampleAvatarURL,admin
b47a0498-dd5a-4804-ac5f-d68c436492e9,Michael,michael9166@example.com,samplePassword,sampleAvatarURL,customer
259ada00-6630-4a89-8d26-5a7780b5faee,John,john7941@example.com,samplePassword,sampleAvatarURL,admin
e4e7d9a9-18e8-47af-9c66-4739343b5226,David,david9619@example.com,samplePassword,sampleAvatarURL,customer
a1718299-fdf7-4daf-80fa-ef088d8e39de,William,william6693@example.com,samplePassword,sampleAvatarURL,customer
9892e8f2-2f22-4fac-a5e5-3e703f0ba66d,Ava,ava5496@example.com,samplePassword,sampleAvatarURL,admin
f5aec259-bb4a-450e-ba21-47a00309b510,Michael,michael2545@example.com,samplePassword,sampleAvatarURL,admin
ae293cf2-95ab-41ea-b8e9-ac9c54216b4d,Olivia,olivia9784@example.com,samplePassword,sampleAvatarURL,customer
9e95288d-88e8-4cd3-aa0f-39d84a8c95f2,Emma,emma6565@example.com,samplePassword,sampleAvatarURL,customer
b89f3f7b-ff2a-44ea-a291-4fda89980a79,Sophia,sophia1212@example.com,samplePassword,sampleAvatarURL,admin
e5c03f6e-d0c2-493c-ba11-63c119ed7cb1,Sophia,sophia1475@example.com,samplePassword,sampleAvatarURL,admin
2092c944-84fd-444d-953b-7511bd97580e,Olivia,olivia8519@example.com,samplePassword,sampleAvatarURL,customer
08ba727f-cac1-44ef-9b70-35e29070cf4c,Emily,emily6357@example.com,samplePassword,sampleAvatarURL,admin
a65246b6-4c83-4969-a841-a68d50d6b8bd,Ava,ava9471@example.com,samplePassword,sampleAvatarURL,admin
43feb291-3e43-488b-ab0b-777c5a290073,Sophia,sophia5438@example.com,samplePassword,sampleAvatarURL,customer
3d4c4dee-fceb-403a-a16b-b1029a319338,John,john8941@example.com,samplePassword,sampleAvatarURL,admin
a9d392c5-8193-4a83-88fe-cb61e00f1763,Olivia,olivia1506@example.com,samplePassword,sampleAvatarURL,admin
e6d93d12-23fd-4f16-a5d7-4b621be2a9c1,John,john3276@example.com,samplePassword,sampleAvatarURL,customer
d8f93699-826e-45ff-9c5c-c38ef08b25fc,William,william1389@example.com,samplePassword,sampleAvatarURL,admin
6fd9207d-ef1a-4a90-971b-c73f05e1753f,David,david6084@example.com,samplePassword,sampleAvatarURL,admin
f5c9a853-7a6e-4f24-94b9-bbd8d87676ce,David,david5330@example.com,samplePassword,sampleAvatarURL,admin
e2728a3b-c6ee-4397-b981-e5eea60dc1ce,John,john7221@example.com,samplePassword,sampleAvatarURL,admin
b85e6707-540d-471b-9897-f941fb356780,William,william2452@example.com,samplePassword,sampleAvatarURL,admin
58ad04f2-41c1-43d5-b225-d803a462f383,Emma,emma4437@example.com,samplePassword,sampleAvatarURL,customer
8b527861-c165-4950-a742-f7fe3d54ec9c,William,william7838@example.com,samplePassword,sampleAvatarURL,customer
48087e7e-feca-494b-a29a-ed8dbaf2933d,Ava,ava3900@example.com,samplePassword,sampleAvatarURL,admin
eec64f1b-2fa6-45dc-b16f-89241287edde,Michael,michael6457@example.com,samplePassword,sampleAvatarURL,admin
12174803-5917-4b03-afc5-68b88f46b6d7,Emma,emma4775@example.com,samplePassword,sampleAvatarURL,admin
bbc2864b-3d5b-41cf-aaf8-81de7be66bb5,Olivia,olivia1184@example.com,samplePassword,sampleAvatarURL,admin
50cbec2f-4070-4655-9a98-448767438781,Sophia,sophia9941@example.com,samplePassword,sampleAvatarURL,admin
5ec19cf7-5350-4741-8b44-863c9794aeff,Ava,ava3276@example.com,samplePassword,sampleAvatarURL,admin
2e83b9c8-2def-4dce-938b-23aebbe3d07c,Olivia,olivia5870@example.com,samplePassword,sampleAvatarURL,admin
2c207d9c-7440-4ad2-abe3-5d50f2b028c8,John,john1629@example.com,samplePassword,sampleAvatarURL,customer
a7dfdd9a-65da-4976-a451-aaaa34a225a8,John,john5044@example.com,samplePassword,sampleAvatarURL,customer
bbb918bf-2fe1-4623-97f3-8105222e7508,John,john3060@example.com,samplePassword,sampleAvatarURL,customer
ee54d78b-baf1-491d-8a10-0d4d9a42f768,John,john6702@example.com,samplePassword,sampleAvatarURL,customer
b37273e9-c220-4e49-af2a-5baaa817f92c,William,william8763@example.com,samplePassword,sampleAvatarURL,customer
9f2e0e11-839e-4dfe-962b-afa67cd12119,Matthew,matthew6372@example.com,samplePassword,sampleAvatarURL,admin
98a4e603-dae8-47dc-baf9-a8cba7e21dbb,Michael,michael2017@example.com,samplePassword,sampleAvatarURL,admin
6a17ac39-92a3-4b13-9504-f4cd8fa31d9a,Olivia,olivia3772@example.com,samplePassword,sampleAvatarURL,admin
ef6fd029-6db2-4bea-bf35-a6af31edfd2e,William,william6256@example.com,samplePassword,sampleAvatarURL,customer
45a41af3-82e1-43af-9651-d272c9f0f144,Ava,ava3058@example.com,samplePassword,sampleAvatarURL,admin
5778c5e4-fa71-43c6-a8fa-cc824446af1d,Olivia,olivia8061@example.com,samplePassword,sampleAvatarURL,admin
e77b5e13-87ee-4517-b814-14db63153c23,Ava,ava2644@example.com,samplePassword,sampleAvatarURL,admin
11b7d871-c18f-4c00-be4b-00ee17014c49,Emily,emily3740@example.com,samplePassword,sampleAvatarURL,admin
1e2596b8-bac2-4de7-ac91-b1509867ee51,Sophia,sophia2436@example.com,samplePassword,sampleAvatarURL,admin
2f3403ce-15c4-45e1-be21-87d3d1e66ea3,David,david1425@example.com,samplePassword,sampleAvatarURL,admin
d2d1914f-4ce8-4474-b653-91d35ef5464f,Emma,emma3818@example.com,samplePassword,sampleAvatarURL,customer
4ca885e1-c59f-4c38-9d2c-d1f94226f617,Ava,ava1211@example.com,samplePassword,sampleAvatarURL,admin
83455b10-9ca3-4c51-a64c-5c4e57145830,Emma,emma8451@example.com,samplePassword,sampleAvatarURL,admin
4561de1a-0c2d-47a4-978b-e900c6e876d2,Sophia,sophia2081@example.com,samplePassword,sampleAvatarURL,customer
64dbc65d-192b-4d3f-a669-fdb7ef14989f,Olivia,olivia5653@example.com,samplePassword,sampleAvatarURL,admin
f745b322-4dac-403b-927a-e190798c78bb,Matthew,matthew6209@example.com,samplePassword,sampleAvatarURL,customer
9536b5c4-20d0-445e-a6ae-7004a6ee474e,David,david4291@example.com,samplePassword,sampleAvatarURL,customer
ef348fe3-e543-4459-9fec-74e76dd96a6c,Emma,emma2431@example.com,samplePassword,sampleAvatarURL,admin